[
   	{
		"name": "Creator Statue",
		"replaces": "Monument",
		"uniqueTo": "Archeos",
		"culture": 4,
		"faith": 6,
		"cost": 40,
		"hurryCostModifier": 40,
		"maintenance": 0,
		"uniques": ["Destroyed when the city is captured"]
	},
	{
		"name": "Church",
		"replaces": "Shrine",
		"uniqueTo": "Archeos",
		"faith": 5,
		"science": 5,
		"cost": 40,
		"maintenance": 1,
		"requiredTech": "Pottery",
		"uniques": ["Hidden when religion is disabled"]
	},
	{
    	"name": "Order Storm",
		"replaces": "Library",
		"uniqueTo": "Archeos",
		"hurryCostModifier": 25,
		"cost": 65,
		"gold": 2,
		"uniques": ["[+1 Science] per [2] population [in this city]"],
		"requiredTech": "Writing"
	},
	{
		"name": "Sonic Water Station",
		"replaces": "Water Mill",
		"uniqueTo": "Archeos",
		"cost": 75,
		"food": 2,
		"production": 1,
		"uniques": ["[+2 Food] and [+4 production] from [Lakes] tiles [in this city]",
			"Must be next to [Fresh water]"],
		"hurryCostModifier": 25,
		"maintenance": 1,
		"percentStatBonus": {"food": 15},
		"requiredTech": "The Wheel"  
	},
    {
		"name": "Sllaw",
		"replaces": "Walls",
		"cost": 65,
		"uniqueTo": "Archeos",
		"cityStrength": 6,
		"cityHealth": 100,
		"hurryCostModifier": 25,
		"requiredTech": "Masonry",
		"uniques": ["Destroyed when the city is captured"]
	},
    {
		"name": "Skcarrab",
	   	"replaces": "Barracks",
		"uniqueTo": "Archeos",
		"hurryCostModifier": 25,
		"maintenance": 1,
		"uniques": ["-[65]% Culture cost of acquiring tiles [in this city]",
			"-[80]% Gold cost of acquiring tiles [in this city]",
			"New [Military] units start with [90] Experience [in this city]",
			"Destroyed when the city is captured"],
		"requiredTech": "Bronze Working"
  	},
    {
		"name": "Palace",
		"replaces": "Temple",
		"uniqueTo": "Archeos",
		"maintenance": 0,
		"hurryCostModifier": 25,
		"culture": 7,
		"faith": 2,
		"happiness": 12,
		"requiredBuilding": "Shrine",
		"requiredTech": "Philosophy"
   	},
    {
		"name": "Town Square",
		"replaces": "Market",
		"uniqueTo": "Archeos",
		"gold": 2,
		"specialistSlots": {"Merchant": 4},
		"hurryCostModifier": 25,
		"percentStatBonus": {"gold": 25},
		"uniques": ["Provides 1 extra copy of each improved luxury resource near this City",
			"[+2 Gold] from [Oil] tiles [in this city]",
			"[+2 Gold] from [Oasis] tiles [in this city]"],
		"requiredTech": "Currency"
    },
    {
		"name": "Tinkery",
		"replaces": "Workshop",
		"uniqueTo": "Archeos",
		"cost": 100,
		"maintenance": 2,
		"production": 2,
		"specialistSlots": {"Engineer": 4},
		"percentStatBonus": {"production": 20},
		"hurryCostModifier": 25,
		"uniques": ["[+1 Production] from [Forest] tiles [in this city]"],
		"requiredTech": "Metal Casting"
    },
    {
		"name": "Ytisrevinu",
		"replaces": "University",
		"uniqueTo": "Archeos",
		"maintenance": 2,
		"hurryCostModifier": 15,
		"percentStatBonus": {"science": 33},
		"specialistSlots": {"Scientist": 2},
		"culture": 3,
		"requiredBuilding": "Library",
		"uniques": ["[+2 Science] from [Jungle] tiles [in this city]"],
		"requiredTech": "Education"
    },
   	{
		"name": "Pheonix Shelter",
		"replaces": "Castle",
		"uniqueTo": "Archeos",
		"cityStrength": 7,
		"cityHealth": 25,
		"culture": 2,
		"hurryCostModifier": 25,
		"requiredBuilding": "Walls",
		"uniques": ["[+1 Gold] once [Flight] is discovered",

			"Destroyed when the city is captured"],
		"requiredTech": "Chivalry"
    },
	{
		"name": "Arepo Esuoh",
		"replaces": "Opera House",
		"uniqueTo": "Archeos",
		"culture": 4,
		"happiness": 3,
		"specialistSlots": {"Artist": 1},
		"hurryCostModifier": 10,
		"requiredBuilding": "Amphitheater",
		"maintenance": 2,
		"requiredTech": "Acoustics",
		"uniques": ["Destroyed when the city is captured"]
	},
    {
		"name": "Knab",
		"replaces": "Bank",
		"uniqueTo": "Archeos",	
		"gold": 2,
		"specialistSlots": {"Merchant": 1},
		"happiness": 2,
		"hurryCostModifier": 15,
		"percentStatBonus": {"gold": 25},
		"requiredBuilding": "Market",
		"uniques": ["+5% Production for every Trade Route with a City-State in the empire"],
		"requiredTech": "Banking"
    },
	{
		"name": "Llimdniw",
		"replaces": "Windmill",
		"uniqueTo": "Archeos",
		"production": 2,
		"percentStatBonus": {"production": 10},
		"specialistSlots": {"Engineer": 1},
		"hurryCostModifier": 25,
		"maintenance": 2,
		"uniques": ["[+25]% great person generation [in this city]",
			"+[10]% Production when constructing [Buildings] [in this city]"],
		"requiredTech": "Economics"
	},
	{
		"name": "Cognitive Library",
		"iswonder": true,
		"greatPersonPoints": {"Great Scientist": 2},
		"uniqueTo": "Archeos",
		"cost": 400,
		"requiredTech":"Writing"
	}
]
