[
	{
		"name": "Archeos",
		"leaderName": "Rotatceps",
		"adjective": ["Archeos"],
		"preferredVictoryType": "Scientific",
		"style": "Upside Down",
		
		"startIntroPart1": "History in best the among generals and soldiers its, other the to world the of end one from battle into triumphantly marched have armies its.nation great a as endured has Down-Upside - enemies often and - competitors by surrounded although. Letters and arts, culture of center world the been Down-Upside has long. Rotatceps, you to triumph and life long.",
		"startIntroPart2": "Time of test the stand will that civilization a build you can? World the of center again once Down-Upside make you will? All to order and peace bringing, again rises empire your that it to see you will? Down-Upside of glory the reclaim more once to you to turn people your, Rotatceps mighty O?",
		
		"declaringWar": "Time payback it's, now. It know you, badly very yourself behaved you've.",
		"attacked": "It swear I! Dearly regret soon will you! Fool!",
		"defeated": "Triumph your in merciful be will you hope I. Yours is...day the.",
		"introduction": "Bravery military for renowned are who, you with relationship just and fair a for hope we.",
		
		"neutralHello": "Peace you wish I.",
		"hateHello": "Want you do what?",
		"tradeRequest": "Me with deal this make to – existing for reason a have do you that appears it.",

		"outerColor": [255,255,255],
		"innerColor": [0,0,0],
		"uniqueName": "Archeos the great home of Celesdrian",
		"uniqueText": "All the special advantages that other nations have, combined into one, with none of the special disadvantages. Are you ready to turn the world upside down?",
		"uniques": ["Receive free [Great Scientist] when you discover [Writing]",
			"[Great Scientist] is earned [50]% faster",
			"City-State Influence degrades [50]% slower", 
			"City-State Influence recovers at twice the normal rate", 
			"City-State territory always counts as friendly territory",
			"Great General provides double combat bonus", "[Great General] is earned [50]% faster",
			"+[500]% Production when constructing [Wonders]",
			"[+2] Movement <for [Water] units>",
			"[+2 Culture] per turn from cities before [Steam Power]",
			"[+1 Production] from every [Strategic Resource]", "Double quantity of [Horses] produced", "Double quantity of [Iron] produced", "Double quantity of [Uranium] produced",
			"+25% Production towards any buildings that already exist in the Capital",
			"[+1 Gold] from each Trade Route", "Double quantity of [Oil] produced",
			"[+1] Sight <for [{Military} {Land}] units>", "-[50]% Gold cost of acquiring tiles [in all cities]",
			"Units fight as though they were at full strength even when damaged",
			"[-50]% unhappiness from population [in all cities]",
			"67% chance to earn 25 Gold and recruit a Barbarian unit from a conquered encampment", 
			"[-25]% maintenance costs for [Land] units",
			"[-66]% maintenance costs for [Water] units", 
			"50% chance of capturing defeated Barbarian naval units and earning 25 Gold",
			"[+2 Science] from every specialist [in all cities]", 
			"[+2 Science] from every [Great Improvement]", 
			"Receive a tech boost when scientific buildings/wonders are built in capital",
			"All units move through Forest and Jungle Tiles in friendly territory as if they have roads. These tiles can be used to establish City Connections upon researching the Wheel.",
			"Golden Age length increased by [50]%", 
			"[+1] Movement <for [All] units> <during a Golden Age>", 
			"[+10]% Strength <for [All] units> <during a Golden Age>",
			"Can embark and move over Coasts and Oceans immediately", 
			"Normal vision when embarked <for [All] units>", 
			"+[10]% Strength if within [2] tiles of a [Iaom]",
			"[+50]% [Food] from City-States",
			"[+50]% [Culture] from City-States",
			"[+50]% [Faith] from City-States",
			"Military Units gifted from City-States start with [+10] XP",
			"100 Gold for discovering a Natural Wonder (bonus enhanced to 500 Gold if first to discover it)", 
			"Double Happiness from Natural Wonders", 
			"Tile yields from Natural Wonders doubled",
			"Receive triple Gold from Barbarian encampments and pillaging Cities", 
			"Embarked units can defend themselves",
			"+30% Strength when fighting City-State units and cities", 
			"[+1] Movement <for [Mounted] units>",
			"Earn [100]% of killed [Military] unit's [Strength] as [Culture]",
			"Units ignore terrain costs when moving into any tile with Hills", 
			"Maintenance on roads & railroads reduced by [50]%", 
			"No Maintenance costs for improvements in [Hill] tiles",
			"+1 Movement for all embarked units", 
			"Units pay only 1 movement point to disembark", 
			"Melee units pay no movement cost to pillage",
			"[+1 Production] from every [Pasture]", 
			"Cities are razed [2] times as fast", 
			"Starts with [Animal Husbandry]",
			"Retain [50]% of the happiness from a luxury after the last copy has been traded away",
			"Gain [90] Influence with a [Great Person] gift to a City-State", 
			"When declaring friendship, both parties gain a [10]% boost to great person generation",
			"Can spend Gold to annex or puppet a City-State that has been your ally for [5] turns.",
			"Gain a free [Harbor] [in all coastal cities]", 
			"Land units may cross [Mountain] tiles after the first [Great General] is earned", 
			"Units ending their turn on [Mountain] tiles take [50] damage",
			"May choose [1] additional belief(s) of any type when [founding] a religion",
			"[+1 Faith] [in all cities] <with [1] to [2] neighboring [unimproved] [Forest] tiles>", 
			"[+2 Faith] [in all cities] <with [3] to [6] neighboring [unimproved] [Forest] tiles>",
			"[+20]% Strength <when fighting units from a Civilization with more Cities than you>",
			"Receive a free Great Person at the end of every [Maya Long Count calendar cycle] (every 394 years), after researching [Theology]. Each bonus person can only be chosen once.", 
			"Once The Long Count activates, the year on the world screen displays as the traditional Mayan Long Count."],
		"cities": ["Eht Latipac","Nolybab","Snehta","Gnijieb","Sebeht","Nodnol","Sirap","Wocsom","Emor","Accem","Notgnihsaw","Otoyk","Ihled","Nilreb","Lubnatsi","Luoes","Agadnoono","Silopesrep","Ululonoh","Iahtohkus","Dirdam","Oag","Murokarak","Naltithconet","Oczuc","Negahnepoc","Mlohkcots","S'Alitta Truoc","Madretsma","Nilam","Ecnerolf","Oir ed Orienaj","Prewtna","Nilbud","Eryt","Ru","Aoneg","Ecinev","Slessurb","Lubak","Nodis","Ytamla","Hgrubnide","Eropagnis","Rabiznaz","Yendys","Epac Nwot","Udnamhtak","Ionah","Cebeuq Ytic","Iknisleh","Alauk Rupmul","Alinam","Asahl","Revuocnav","Ognok-Aznab'M","Uhsidagom"]
	}
]
