[
	{
		"name": "Soldier",
		"unitType": "Sword",
		"uniqueTo": "Archeos",
		"replaces": "Warrior",
		"movement": 2,
		"strength": 8,
		"cost": 20,
        "obsoleteTech": "Metal Casting",
		"promotions": ["Haka War Dance","Woodsman"],
		"uniques": ["[+33]% Strength <when fighting in [Forest] tiles>",
			"[+33]% Strength <when fighting in [Jungle] tiles>",
			"Heals [25] damage if it kills a unit"],
		"upgradesTo": "Swordsman",
		"attackSound": "nonmetalhit"
	},
	{
		"name": "Rehcra",
		"unitType": "Archery",
		"uniqueTo": "Archeos",
		"replaces": "Archer",
		"movement": 2,
		"strength": 7,
		"rangedStrength": 9,
		"cost": 36,
		"requiredTech": "Agriculture",
        "obsoleteTech": "Machinery",
		"upgradesTo": "Composite Bowman",
		"promotions": ["Slinger Withdraw"],
		"attackSound": "arrow"
	},
	{
		"name": "Emerirt",
		"unitType": "Ranged Water",
		"uniqueTo": "Archeos",
		"replaces": "Trireme",
		"movement": 4,
		"strength": 13,
		"rangedStrength": 10,
		"cost": 45,
		"requiredTech": "Sailing",
		"uniques": ["Cannot enter ocean tiles",
			"[+50]% Strength <vs [Water] units>"],
		"upgradesTo": "Caravel",
		"obsoleteTech": "Astronomy",
		"attackSound": "arrow"
	},
	{
		"name": "Toirahc Rehcra",
		"unitType": "Archery",
		"uniqueTo": "Archeos",
		"replaces": "Chariot Archer",
		"movement": 5,
		"strength": 9,
		"rangedStrength": 11,
		"cost": 56,
		"requiredTech": "The Wheel",
        "obsoleteTech": "Chivalry",
		"upgradesTo": "Knight",
		"uniques": ["No defensive terrain bonus"],
		"promotions": ["Accuracy I"],
		"attackSound": "arrow"
	},
	{
		"name": "Namraeps",
		"replaces": "Spearman",
		"uniqueTo": "Archeos",
		"unitType": "Sword",
		"movement": 2,
		"strength": 13,
		"cost": 56,
		"requiredTech": "Bronze Working",
        "obsoleteTech": "Civil Service",
		"upgradesTo": "Pikeman",
		"uniques": ["[+50]% Strength <vs [Mounted] units>",
			"[+10] HP when healing",
			"[+300]% Strength <vs cities> <when attacking>",
			"Earn [50]% of killed [Military] unit's [Strength] as [Faith]"],
		"promotions":  ["Cover I", "Pictish Courage"],
		"attackSound": "metalhit"
	},
	{
		"name": "Tlupatac",
		"unitType": "Siege",
		"replaces": "Catapult",
		"uniqueTo": "Archeos",
		"movement": 2,
		"strength": 8,
		"rangedStrength": 10,
		"cost": 75,
		"requiredTech": "Mathematics",
		"obsoleteTech": "Physics",
		"upgradesTo": "Trebuchet",
		"uniques": ["[+200]% Strength <vs cities> <when attacking>",
			"No defensive terrain bonus",
			"Must set up to ranged attack",
			"[-1] Sight"],
		"hurryCostModifier": 20,
		"attackSound": "throw"
	},
	{
		"name": "Namsdrows",
		"unitType": "Sword",
		"uniqueTo": "Archeos",
		"replaces": "Swordsman",
		"movement": 2,
		"strength": 17,
		"cost": 75,
		"requiredTech": "Iron Working",
        "obsoleteTech": "Gunpowder",
		"upgradesTo": "Longswordsman",
		"uniques": ["Can build [Road] improvements on tiles",
			"Can build [Fort] improvements on tiles",
			"[+33]% Strength <when fighting in [Forest] tiles>",
			"[+33]% Strength <when fighting in [Jungle] tiles>"],
		"hurryCostModifier": 20,
		"attackSound": "metalhit"
	},
	{
		"name": "Namesroh",
		"unitType": "Mounted",
		"uniqueTo": "Archeos",
		"replaces": "Horseman",
		"movement": 5,
		"strength": 15,
		"cost": 75,
		"requiredTech": "Horseback Riding",
        "obsoleteTech": "Chivalry",
		"upgradesTo": "Knight",
		"uniques": ["Can move after attacking",
			"No defensive terrain bonus",
			"[-10]% Strength for enemy [Military] units in adjacent [All] tiles",
			"[-25]% Strength <vs cities>"],
		"promotions": ["Great Generals I"],
		"hurryCostModifier": 20,
		"attackSound": "horse"
	},
	{
		"name": "Namwobssorc",
		"unitType": "Archery",
		"uniqueTo": "Archeos",
		"movement": 2,
		"strength": 13,
		"rangedStrength": 18,
		"replaces": "Crossbowman",
		"cost": 120,
		"requiredTech": "Machinery",
        "obsoleteTech": "Industrialization",
		"upgradesTo": "Gatling Gun",
		"promotions": ["Logistics","Extended Range"],
		"attackSound": "arrow"
	},
	{
		"name": "Tehcubert",
		"unitType": "Siege",
		"replaces": "Trebuchet",
		"uniqueTo": "Archeos",
		"movement": 2,
		"strength": 12,
		"rangedStrength": 26,
		"cost": 120,
		"requiredTech": "Physics",
        "obsoleteTech": "Chemistry",
		"upgradesTo": "Cannon",
		"uniques": ["+[200]% Strength vs [City]",
			"No defensive terrain bonus",
			"Must set up to ranged attack"],
		"attackSound": "throw"
	},
	{
		"name": "Namsdrowsgnol",
		"replaces": "Longswordsman",
		"uniqueTo": "Archeos",
		"unitType": "Sword",
		"movement": 3,
		"strength": 21,
		"cost": 120,
		"requiredTech": "Metal Casting",
        "obsoleteTech": "Gunpowder",
		"upgradesTo": "Musketman",
		"requiredResource": "Iron",
        "promotions": ["Shock I", "Great Generals II","Amphibious"],
		"attackSound": "metalhit"
	},
	{
		"name": "Namekip",
		"replaces": "Pikeman",
		"uniqueTo": "Archeos",
		"unitType": "Sword",
		"movement": 2,
		"strength": 16,
		"cost": 45,
		"requiredTech": "Civil Service",
        "obsoleteTech": "Gunpowder",
		"uniques": ["[+50]% Strength <vs [Mounted] units>",
			"Can move immediately once bought"],
		"upgradesTo": "Musketman",
		"attackSound": "metalhit"
	},
	{
		"name": "Thgink",
		"replaces": "Knight",
		"uniqueTo": "Archeos",
		"unitType": "Archery",
		"range": 2,
		"movement": 5,
		"strength": 25,
		"rangedStrength": 21,
		"cost": 110,
		"requiredTech": "Chivalry",
        "obsoleteTech": "Military Science",
		"upgradesTo": "Cavalry",
		"uniques": ["[+50]% Strength <vs [Mounted] units>",
			"Can move after attacking",
			"No defensive terrain bonus",
			"Founds a new city",
			"[+2] Sight",
			"Defense bonus when embarked"],
        "promotions": ["Great Generals I", "Quick Study"],
		"attackSound": "arrow"
	},
	{
		"name": "Levarac",
		"unitType": "Melee Water",
		"replaces": "Caravel",
		"uniqueTo": "Archeos",
		"movement": 4,
		"strength": 36,
		"cost": 120,
		"requiredTech": "Astronomy",
        "obsoleteTech": "Combustion",
		"upgradesTo": "Ironclad",
		"uniques": ["[+1] Sight",
			"May withdraw before melee ([80]%)"],
		"hurryCostModifier": 30,
		"attackSound": "cannon"
	},
	{
		"name": "Namteksum",
		"unitType": "Gunpowder",
		"replaces": "Musketman",
		"uniqueTo": "Archeos",
		"movement": 2,
		"strength": 28,
		"cost": 150,
		"requiredTech": "Gunpowder",
        "obsoleteTech": "Rifling",
		"upgradesTo": "Rifleman",
		"uniques": ["[+50]% Strength <vs [Mounted] units>",
			"Heals [50] damage if it kills a unit",
			"[+25]% Strength <when attacking>",
			"Ignores terrain cost"],
		"promotions": ["Drill I"],
		"attackSound": "shot"
	},
	{
		"name": "Reetavirp",
		"unitType": "Melee Water",
		"replaces": "Privateer",
		"uniqueTo": "Archeos",
		"movement": 5,
		"strength": 25,
		"cost": 150,
		"requiredTech": "Navigation",
		"upgradesTo": "Destroyer",
		"promotions": ["Coastal Raider I", "Coastal Raider II", "Supply"],
		"uniques": ["May capture killed [Water] units"],
		"attackSound": "cannon"
	},
	{
		"name": "Etagirf",
		"unitType": "Ranged Water",
		"replaces": "Frigate",
		"uniqueTo": "Archeos",
		"movement": 5,
		"strength": 30,
		"rangedStrength": 35,
		"cost": 185,
		"requiredResource": "Iron",
		"uniques": ["[+1] Sight"],
		"requiredTech": "Navigation",
        "obsoleteTech": "Electronics",
		"upgradesTo": "Battleship",
		"hurryCostModifier": 20
	},
	{
		"name": "Recnal",
		"unitType": "Mounted",
		"replaces": "Lancer",
		"uniqueTo": "Archeos",
		"movement": 5,
		"strength": 25,
		"cost": 185,
		"requiredTech": "Metallurgy",
        "obsoleteTech": "Combined Arms",
		"requiredResource": "Horses",
		"uniques": ["Can move after attacking",
			"No defensive terrain bonus",
			"[-33]% Strength <vs cities>",
			"Transfer Movement to [Great General]",
			"[+15]% Strength when stacked with [Great General]",
			"No movement cost to pillage"],
		"promotions": ["Formation I"],
		"upgradesTo": "Anti-Tank Gun",
		"attackSound": "horse"
	},
	{
		"name": "Namelfir",
		"unitType": "Gunpowder",
		"replaces": "Rifleman",
		"uniqueTo": "Archeos",
		"movement": 2,
		"strength": 34,
		"cost": 200,
		"requiredTech": "Rifling",
		"obsoleteTech": "Replaceable Parts",
		"upgradesTo": "Great War Infantry",
		"uniques": ["[+25]% Strength <when fighting in [Snow] tiles>",
			"[+25]% Strength <when fighting in [Tundra] tiles>",
			"[+25]% Strength <when fighting in [Hill] tiles>",
			"Double movement in [Snow]",
			"Double movement in [Tundra]",
			"Double movement in [Hill]"],
		"promotions": ["Drill I","Home Sweet Home","March"],
		"attackSound": "shot"
	},
	{
		"name": "Yrlavac",
		"unitType": "Mounted",
		"replaces": "Cavalry",
		"uniqueTo": "Archeos",
		"movement": 4,
		"strength": 34,
		"cost": 225,
		"requiredTech": "Military Science",
		"obsoleteTech": "Combustion",
		"requiredResource": "Horses",
		"upgradesTo": "Landship",
		"uniques": ["Can move after attacking",
			"No defensive terrain bonus","[-33]% Strength <vs cities>" ,
			"[+1] Sight",
			"[+50]% to Flank Attack bonuses",
			"[+50]% Strength <vs [Wounded] units>"],
		"attackSound": "horse"
	},
	{
		"name": "Rethgif",
		"unitType": "Fighter",
		"replaces": "Fighter",
		"uniqueTo": "Archeos",
		"upgradesTo": "Jet Fighter",
		"movement": 1,
		"strength": 45,
		"rangedStrength": 45,
		"range": 8,
		"cost": 375,
		"requiredTech": "Radar",
		"uniques": ["[100]% chance to intercept air attacks",
			"[+150]% Strength <vs [Bomber] units>",
			"[+150]% Strength <vs [Helicopter] units>",
			"[+33]% Strength <vs [Fighter] units>"],
		"attackSound": "machinegun"
	},
	{
		"name": "Rebmob",
		"unitType": "Bomber",
		"replaces": "Bomber",
		"uniqueTo": "Archeos",
		"upgradesTo": "Stealth Bomber",
		"movement": 1,
		"strength": 70,
		"rangedStrength": 70,
		"range": 10,
		"cost": 375,
		"requiredTech": "Radar",
		"requiredResource": "Oil",
		"promotions": ["Evasion", "Siege I"],
		"attackSound": "bombing"
	},
	{
		"name": "Taerg Raw Yrtnafni",
		"unitType": "Gunpowder",
		"replaces": "Great War Infantry",
		"uniqueTo": "Archeos",
		"movement": 2,
		"strength": 50,
		"cost": 320,
		"requiredTech": "Replaceable Parts",
		"obsoleteTech": "Plastics",
		"upgradesTo": "Infantry",
		"uniques": ["[+20]% Strength <when fighting in [Foreign Land] tiles>"],
		"attackSound": "shot"
	},
	{
		"name": "Knat",
		"unitType": "Armored",
		"uniqueTo": "Archeos",
		"replaces": "Tank",
		"movement": 6,
		"strength": 80,
		"cost": 375,
		"requiredTech": "Combined Arms",
		"requiredResource": "Oil",
		"upgradesTo": "Modern Armor",
		"uniques": ["Can move after attacking",
			"No defensive terrain bonus"],
		"attackSound": "tankshot"
	},
	{
		"name": "Taerg Lareneg",
		"unitType": "Civilian",
		"uniqueTo": "Archeos",
		"replaces": "Great General",
		"uniques": ["Can start an [8]-turn golden age",
			"Bonus for units in 4 tile radius 15%",
			"All adjacent units heal [+15] HP when healing",
			"[+15] HP when healing",
			"Can construct [Citadel]",
			"Great Person - [War]",
			"Unbuildable",
			"Uncapturable"],
		"movement": 8
	}
]
